学号,姓名,总分
1,宋江,77
2,卢俊义,86
3,公孙胜,80
4,吴用,86
5,关胜,76
6,林冲,81
7,秦明,73
8,呼延灼,78
9,花荣,86
10,柴进,71
11,李应,83
12,朱仝,74
13,鲁智深,77
14,武松,79
15,董平,93
16,张清,80
17,杨志,87
18,徐宁,92
19,索超,79
20,戴宗,85
21,刘唐,88
22,李逵,48
23,史进,92
24,穆弘,93
25,雷横,86
26,李俊,84
27,阮小二,80
28,张横,82
29,阮小五,84
30,张顺,85
31,阮小七,83
32,杨雄,70
33,石秀,82
34,解珍,89
35,解宝,86
36,燕青,87
37,朱武,80
38,孙二娘,53
